{
  "time_min": 0.4433803717295329,
  "avg_reward": -97.26413026869672,
  "episodes": 300,
  "status": "converged"
}